Tag;English
//====== Gen2 - Martial Law ======;
GUNSAward_0_Content;Retrieve the <icon=S3_WeaponToken> tokens from the Scenario box and place them in a supply nearby.<br /><br />Any player with a <icon=StorybookToken> token from Generation 1 gains <b>2 <icon=S3_WeaponToken> tokens.</b> <i>Discard this <icon=StorybookToken> token to the Scenario box.</i><br /><br />Then,<br />Any player with a face-up Flag token matching the {{0=...|Unified Monarchists|Separatists|...}} gains <b>1 <icon=S3_WeaponToken> token.</b><br /><br />Any player with a face-up Flag token matching the {{1=...|Separatists|Unified Monarchists|...}} gains <b>2 <icon=S3_WeaponToken> tokens.</b>
AdvancedWeaponryIntro_0_Content;Retrieve the <b>Advanced Weaponry</b> Experiment cards. Shuffle these cards and place them face-down nearby to form their own deck.<br /><br />Each player then draws an <b>Advanced Weaponry</b> card.
Martial1_Setup_Content;Turn to <b>page 4</b> of the Village Chronicle. Retrieve the <b>Temporary Housing</b> Estate Upgrades.<br /><br />Place the Suspicion marker on space <b>{{0=...|6|7|8|...}}</b> of the <icon=AngryMob_Icon> track and place the <icon=AngryMob_Icon> token <b>1 space</b> to the left.{{1=?|<br /><br />Then, since this is a 3 player game, pass the Start Player token 1 additional time clockwise.}}
Martial_TurnTheTide_Content;The {{0=...|Separatists|Unified Monarchists|...}} are desperate for assistance in the failing war effort. You may draw a card from the Advanced Weaponry deck when taking any action that allows you to draw Experiments. When you complete the Experiment you will receive <icon=S3_WeaponToken> tokens equal to the amount listed at the bottom of the card, and also <b>{{1=?|gain a Knowledge of your choice from the supply|gain $2 from the supply}}</b> as a gift from the {{0=...|Separatists|Unified Monarchists|...}}.
Martial_WeaponsBonus_Content;The first player to complete <b>2 Advanced Weaponry</b> Experiments 
Martial_WeaponsBonus_ClickHere;clicks here for a special bonus.
Martial_MilitaryDemands_Content;The Monarchy demands a commitment of service from their citizenry. At the end of each round, if a player has not placed a piece on the Barracks, a penalty will be enacted upon them. This penalty will be determined by the Monarchy at the end of each round.<br /><br />When placing a piece on the Barracks, you receive <b>{{0=?|$1 for your efforts.|no bonus.}}</b>
Martial_MilitaryIncentive_Content;The Separatists urge citizens to rally to their cause. They do not require a player to offer their service, but will incentivize this dedication to the cause with a reward each round.<br /><br />When placing a piece on the Barracks, <b>{{0=|you may gain 1 Servant from Lost and lose 1 <icon=Creepy_Icon>.|you may gain 1 Servant from Lost and gain 1VP.|you may gain 1 Servant from Lost and 1 Knowledge of your choice.|you may pay $1 to gain 1 Caretaker from Lost.|you may gain 1 Caretaker from Lost.|you may gain 1 Knowledge of your choice and 1VP.}}</b>
Martial_EverythingIsAWeapon_Content;When Performing an Experiment, you may substitute 1 <icon=S3_WeaponToken> token for any 1 required Ingredient. <i>You may only do this once per Experiment.</i>
Martial_Outpost_Content;An Outpost is open in town for trading <icon=S3_WeaponToken> tokens for goods. 
Martial_Outpost_ClickHere;Click here for an explanation of the Outpost.
PackingHeat1_Content1;Choose the name of the player who completed <b>2 Advanced Weaponry</b> Experiments:
PackingHeat1a_0_Content;{{0=...|Oliver|...}} gains {{2=|1 <icon=Creepy_Icon> and 1 Resource of their choice.|1 Resource of their choice and moves the <icon=AngryMob_Icon> Marker 1 space to the left.}}<br /><br />If they have not already done so, {{0=...|Oliver|...}} may flip their Flag token to the {{1=...|Separatists|Unified Monarchists|...}} side if they wish.
OutpostExplain_Content;When you visit the Outpost, you may pay <icon=S3_WeaponToken> tokens to acquire Resources and special actions. With each visit you may perform <b>as many trades as you like</b>:<br /><br />Pay 2 <icon=S3_WeaponToken> tokens to <b>gain $1.</b><br />Pay 3 <icon=S3_WeaponToken> tokens to <b>gain a Knowledge cube of your choice.</b><br />Pay 4 <icon=S3_WeaponToken> tokens to <b>Lose 1 <icon=Creepy_Icon>.</b>
Martial1Delay_Content;Do NOT perform the End of Round actions at this time. You will be instructed to do so once a few events have been completed.
ATOWSabotageIntro1_Content;<b>Carefully hand this Storybook device to the player with the fewest VP. <i>(If tied, the one latest in turn order in the previous round.)</i> Do not allow any other players to see the screen.</b>
ATOWSabotageIntro1_0_Content1;<link=0>I chose to sabotage the village.</link>{{0=?|<br /><br /><link=1>I chose to sabotage one of my cousins.</link><br /><br /><link=2>Instead, I chose to abstain and focus upon my studies.</link>|<br /><br /><link=1>Instead, I chose to abstain and focus upon my studies.</link>}}
ATOWSabotageIntro2_Content;<b>Carefully hand this Storybook device to the player with the {{0=...|Shield|Sickle|...}} token. Do not allow any other players to see the screen.</b>
ATOWSabotageIntro2_0_Content1;<link=0>I chose to sabotage the village.</link><br /><br /><link=1>I chose to sabotage another player.</link><br /><br /><link=2>Instead, I chose to abstain and focus upon my studies.</link>
ATOWSabotageIntro2Sep_Content;<b>Carefully hand this Storybook device to the player with the {{0=...|Shield|Sickle|...}} token. Do not allow any other players to see the screen.</b>
ATOWSabotageIntro2Sep_0_Content1;<link=0>I chose to sabotage the <b>Outpost</b>.</link><br /><br /><link=1>I chose to sabotage another player.</link><br /><br /><link=2>Instead, I chose to abstain and focus upon my studies.</link>
ATOWSabotage1_Content1;<link=0>The Barracks was a worthy target for my most righteous sabotage.</link><br /><br /><link=1>The Laborer's Union was a worthy target for my most righteous sabotage.</link>
SabotagePlayerChoice1_Content1;Or I could still decide to <link=0>click here and let bygones be bygones.</link>
ATOWSabotageNO_0_Content;Gain <b>1 Knowledge cube of your choice</b>.<br />Gain <b>1 Compulsion</b>.
AMessenger_Content1;<link=0>Unified Monarchists</link><br /><br /><link=1>Separatists</link>
Amessyes_Content;<b>Carefully hand this Storybook device to the player with the {{0=...|Sickle|Shield|...}} token. Do not allow any other players to see the screen.</b>
Amessyes2_0_Content;If they wish, the player with the {{0=...|Sickle|Shield|...}} token may immediately take the <b>Shed</b> Estate Upgrade at no cost.<br /><br />Regardless of the decision, discard the {{0=...|Sickle|Shield|...}} token to the scenario box.
Amessno_0_Content;Discard the {{0=...|Sickle|Shield|...}} token to the scenario box.
AMessenger2_Content;<b>Carefully hand this Storybook device to the player with the {{0=...|Shield|Sickle|...}} token. Do not allow any other players to see the screen.</b>
AMessenger2_0_Content1;<link=0>Unified Monarchists</link><br /><br /><link=1>Separatists</link>
AMessYes2b_0_Content;Gain <b>2VP</b>. Then, discard the {{0=...|Shield|Sickle|...}} token to the scenario box.
AMessno2_0_Content;Draw <b>1 A-Level Experiment card</b> of your choice. Then, discard the {{0=...|Shield|Sickle|...}} token to the scenario box.
AfternoonTeab_Content;Each player takes a Voting token into their fist and secretly chooses a side. When all players have chosen, simultaneously reveal your votes.<br /><br />A <b>YAY</b> vote is a vote to destroy the {{0=...|Barracks|Outpost|...}}. <b>All</b> players will need to discard a completed Experiment to help with the effort.<br /><br />A <b>NAY</b> vote is a vote to keep the {{0=...|Barracks|Outpost|...}}.<br /><br /><i>A tied vote will result in <b>keep the {{0=...|Barracks|Outpost|...}}</b> being chosen.</i>
TwoPAfternoonBid_Content;Both players take all their money into their hands. They then secretly choose any amount to place into their right hand to bid.<br /><br />Once both players are ready, reveal the amount of money bid simultaneously. The winning player will gain <b>4VP</b> and the right to choose whether to sabotage the {{0=...|Barracks|Outpost|...}}.<br /><br /><i>A tied vote will result in no player winning the bid and <b>the {{0=...|Barracks|Outpost|...}}</b> being kept safe.</i><br /><br />Only the player who wins the election must pay their bid to the supply. The other returns their money to their Estate.
AfternoonTeaRes_Content;<b>Tally your votes.</b> <i>A tied vote will result in <b>keep the {{0=...|Barracks|Outpost|...}}</b> being chosen.</i><br /><br /><b>Choose the outcome of your vote:</b>
AfternoonTeaRes_Content1;<link=0>We voted to (YAY) destroy the {{0=...|Barracks|Outpost|...}}.</link><br /><br /><link=1>We voted to (NAY) keep the {{0=...|Barracks|Outpost|...}}.</link>
TwoPAfternoonBidRes_Content;The player who won the bid gains <b>4VP</b>.<br /><br /><b>The player who won the bid, choose the outcome:</b>
TwoPAfternoonBidRes_Content1;<link=0>I choose to destroy the {{0=...|Barracks|Outpost|...}}.</link><br /><br /><link=1>I choose to keep the {{0=...|Barracks|Outpost|...}}.</link>
AfternoonTeaResolutionYAY_0_Content;Move the <icon=AngryMob_Icon> Marker <b>{{0=?|1 space|2 spaces}}</b> to the left.<br /><br />All players must discard a completed Experiment card back to the supply.{{1=?|<br /><br />All players who voted <b>NAY</b> <b>lose 2 <icon=Creepy_Icon></b> and may draw an <b>Advanced Weaponry</b> card.}}
AfternoonTeaResolutionNAY_0_Content;{{0=?|All players who voted <b>YAY</b> <b>gain 1 <icon=Creepy_Icon></b> and may draw an <b>Advanced Weaponry</b> card.|The player who did not win the bid <b>gains 2 <icon=Creepy_Icon></b> and may draw an <b>Advanced Weaponry</b> card.}}
ResistEvent_0_Content;In turn order, decide whether you will support the troops in town by providing quarters. If you choose to support them, Pay $1 to immediately build the <b>Temporary Housing</b> Upgrade.<br /><br />Once all players have chosen, continue to the next page.
ResistEvent1_0_Content;<b>Award {{0=...|1|2|3|...}}VP to any players who chose to quarter.</b><br /><br />All other players <b>MUST</b> take the <b>Temporary Housing</b> Estate Upgrade.
ResistEvent2_0_Content;<b>Award {{0=...|1|2|3|4|...}}VP to each player who chose to quarter.</b>
MartialSepEventa_Content;<b>The Region Needs Convincing</b><br />All players take their money into their hands. Players secretly choose any amount to place into their right hand to add to the total bribe fund.<br /><br />Once all players are ready, reveal the amount of money simultaneously.<br /><br />The Military requires <b>${{0=...|3|4|5|...}} total</b> from all players in order for our bribe to be successful. <b>If our bribe is successful</b>, we will be able to <b>substitute a <icon=S3_WeaponToken> token for a single Ingredient when performing Experiments</b>.<br /><br /><i>If successful, <b>all</b> money contributed by the players will be returned to the supply. If unsuccessful, the players keep any money contributed.</i>
MartialSepEventb_Content;Tally the amount of money that all players have revealed.<br /><br /><b>Was the bribe amount equal to or greater than the ${{0=...|3|4|5|...}} needed to sway their opinion?</b>
MartialSepEventYes_0_Content;{{0=?|The player that offered the <b>most</b> money also gains <b>3VP</b>. <i>If there is a tie, all tied players gain this bonus.</i><br /><br />}}Then, all players with money in their fists pay that money to the supply.
MartialSepEventNo_0_Content;Any player that offered at least $1 towards the bribe, <b>draws 1 Compulsion</b>.<br /><br />Then, all players return their money to their Quarters.
BarracksSimple_0_Content;Any player who did not place a piece on the Barracks this round {{0=|gains <b>1</b> <icon=Creepy_Icon>.|gains <b>2</b> <icon=Creepy_Icon>.|receives <b>$1 less</b> income this round.|<b>must</b> immediately lose <b>2VP</b>.|<b>must</b> immediately lose <b>3VP</b>.|<b>must</b> flip their Flag token to the <b>Separatist</b> side and lose <b>1VP</b>. The Monarchy is not pleased.|is fortunate as the Monarchy has decided not to penalize them this round.}}
Sabotage1Now_0_Content;{{0=...|Oliver|...}} <b>loses 3VP</b>{{1=|. | and must <b>discard 1 Experiment</b> they completed this Generation.}}
Player1BeenSabotaged_0_Content1;I would seek satisfaction <link=0>through a duel.</link> <i>(This could result in death or loss of VP.)</i><br /><br />I would <link=1>formally denounce these juvenile antics.</link> <i>(Through a strongly-worded letter.)</i>
DuelRules1_Content1;<link=0>I chose a battle of wits.</link><br /><br /><link=1>I chose pistols at dawn.</link><br /><br />Or perhaps, I chose to retract and <link=2>send them a strongly-worded letter.</link>
DuelDenounce1_0_Content;{{0=...|Oliver|...}} gains <b>1 <icon=Creepy_Icon></b> and loses <b>1VP</b>.
AcceptDuel1_0_Content1;I would <link=0>accept this duel.</link><br /><br />I would <link=1>decline this duel.</link>
DuelDecline1_0_Content;{{0=...|Oliver|...}} gains <b>1 <icon=Creepy_Icon></b>.
DuelResolution1a_SciSetup_Content;{{0=...|Oliver|...}} and {{1=...|James|...}} now count how many Levels they have moved their Journal Track forward in {{2=...|Engineering|Chemistry|Biology|Occult|...}}.<br /><br />They then count how many of their completed Experiments (including stored) are of the type {{2=...|Engineering|Chemistry|Biology|Occult|...}}.<br /><br />Each player adds these two numbers together to determine their total individual scientific prowess. <i>(For example, Level 1 in {{2=...|Engineering|Chemistry|Biology|Occult|...}} plus 2 completed {{2=...|Engineering|Chemistry|Biology|Occult|...}} Experiments would equal a total of 3.)</i>
DuelResolution1sci_Content;Please choose which player had the highest scientific prowess in {{0=...|Engineering|Chemistry|Biology|Occult|...}}:
DuelResolution1sci_Content1;<link=0>{{0=...|Oliver|...}} had the most.</link><br /><br /><link=1>{{1=...|James|...}} had the most.</link><br /><br /><link=2>They both had the same.</link>
ScienceDuelTiedRes_0_Content;{{0=...|Oliver|...}} and {{1=...|James|...}} both <b>gain 1 <icon=Creepy_Icon></b>.
DuelResolution1b_DeathSetup_Content;{{0=...|Oliver|...}} must place their <b>Self</b> into Lost. This piece cannot be reclaimed for the remainder of this Generation.{{1=?|<br /><br />{{0=...|Oliver|...}} gains their Caretaker piece from Lost (if possible). <i>As outlined in their will, in order to execute actions posthumously in case of their untimely demise.</i>}}<br /><br />Also, {{0=...|Oliver|...}} gains a <icon=Bodies_Icon>.
DuelResolution1b_WoundSetup_Content;{{0=...|Oliver|...}} loses <b>3VP</b>.
Martial2_BuildingDestroyedSetup_Content;One of the buildings in town was targeted by the {{0=...|Separatists|Unified Monarchists|...}}. Turn to page <b>{{1=...|5|6|7|8|...}}.</b>
ResistEnd2_Content1;<link=0>The {{0=...|Unified Monarchists|Separatists|...}}</link><br /><br /><link=1>The {{1=...|Separatists|Unified Monarchists|...}}</link>
ResistEnd3_Content1;<link=0>Click here if the {{0=...|Separatists|Unified Monarchists|...}} were successful</link><br /><br /><link=1>Click here if the {{1=...|Unified Monarchists|Separatists|...}} defended the attack and won the war.</link>
Martial_EndOfGen_Content;Remove all player pieces from the board and perform the End of the Generation. Players keep all <icon=S3_WeaponToken> tokens they acquired.
Reign1b_Placeholder;Enter noble title...
Reign2b_Placeholder;Enter noble title...
Reign3b_Placeholder;Enter noble title...
Reign4b_Placeholder;Enter noble title...
Reign5b_Placeholder;Enter noble title...
Reign6b_Placeholder;Enter noble title...
Reign7c_Placeholder;Enter noble title...
Reign8b_Placeholder;Enter noble title...
ATOW_FamineEventYes_Placeholder;Name your new meat product...
ATOW_UniGen3_Content;<b>University</b><br />When you visit this location, {{0=?|pay $1 to |}}gain 1 Caretaker piece of your color from Lost.<br /><br /><i>Note: The 1st Edition printing of the Village Chronicle displays the wrong icon <b>(gain Servant)</b> for this location. This should be a <b>gain Caretaker</b> symbol.</i>
ATOW_Church_Content;<b>Charitable Church</b><br />Pay $ X/X/X to move 1/2/3 spaces backwards on the <sprite name="Creepy_Icon"> Track.<br /><br /><i>For example, if the cost is 1/2/3 and you pay $2, you will lose 2 Creepy.</i>
ATOW_PlayerScoreName_Content;Enter the final score for <b>{{0}}</b>:
ATOW_PlayerScoreName_Placeholder;Score...
ATOW_TieBreakerMoney_Content;Enter the combined total of remaining Money + Ingredients for <b>{{0}}</b>:
